{
  "system_info": {
    "generation": 4,
    "capabilities_count": 10,
    "breakthrough_algorithms": 5
  },
  "demonstrations": {
    "liquid_neural_network": {
      "samples_processed": 100,
      "avg_accuracy": 0.9432688554044243,
      "avg_latency_ms": 0.06924051999703806,
      "throughput_fps": 14442.410311805537,
      "power_efficiency": 9747.153201678113
    },
    "adaptive_systems": {
      "complexity_levels_tested": 4,
      "avg_adaptation_improvement": 0.9186745000088195,
      "max_improvement": 0.9410660000194184,
      "adaptive_timestep_range": [
        0.0005,
        0.02
      ]
    },
    "hardware_validation": {
      "ARM Cortex-M4": {
        "latency_ms": 3.495578372439194,
        "power_mw": 1.935579540945083,
        "efficiency": 147.79846832600185
      },
      "ARM Cortex-M7": {
        "latency_ms": 1.9948227589828524,
        "power_mw": 3.3110722282960188,
        "efficiency": 151.40040290995552
      },
      "Raspberry Pi 4": {
        "latency_ms": 1.0893384437467688,
        "power_mw": 9.996906028861204,
        "efficiency": 91.82724603287897
      },
      "Jetson Nano": {
        "latency_ms": 0.3114060684639042,
        "power_mw": 23.83804628167242,
        "efficiency": 134.7107548894502
      },
      "FPGA Xilinx": {
        "latency_ms": 0.1566810741101034,
        "power_mw": 10.66443620210217,
        "efficiency": 598.4743742991923
      }
    },
    "breakthrough_algorithms": {
      "consciousness_aware_lnn": {
        "phi_value": 0.5067702613717444,
        "integration_strength": 0.6494788678944892,
        "emergence_score": 0.4146143094502841
      },
      "quantum_neuromorphic_fusion": {
        "quantum_coherence": 0.8133383844785488,
        "neural_synchrony": 0.7558385852544774,
        "fusion_quality": 0.8089083800749418
      },
      "autonomous_evolution": {
        "architecture_generations": 15,
        "fitness_improvement": 0.23,
        "novel_structures_discovered": 8
      }
    }
  },
  "overall_performance": {
    "accuracy": 0.9432688554044243,
    "latency_ms": 0.06924051999703806,
    "power_mw": 1.481705479844009,
    "throughput_fps": 14442.410311805537,
    "power_efficiency_fps_per_mw": 9747.153201678113,
    "real_time_factor": 902.6506444878461
  }
}